Rk,Player,Nation,Pos,Squad,Comp,Age,Born,MP,Starts,Min,90s,GA,GA90,SoTA,Saves,Save%,W,D,L,CS,CS%,PKatt,PKA,PKsv,PKm,Save%.1,FK,CK,OG,PSxG,PSxG/SoT,PSxG+/-,/90,Cmp,Att,Cmp%,Att (GK),Thr,Launch%,AvgLen,Att.1,Launch%.1,AvgLen.1,Opp,Stp,Stp%,#OPA,#OPA/90,AvgDist
1,Julen Agirrezabala,es ESP,GK,Athletic Club,es La Liga,22,2000,4,2,238,2.6,4,1.51,12,8,66.7,1,0,1,2,100.0,0,0,0,0,,0,0,0,2.4,0.2,-1.6,-0.61,18,49,36.7,78,20,35.9,32.4,22,95.5,64.5,41,2,4.9,3,1.13,15.3
2,Alisson,br BRA,GK,Liverpool,eng Premier League,30,1992,28,28,2520,28.0,30,1.07,109,80,73.4,16,8,4,8,28.6,1,1,0,0,0.0,0,4,1,28.7,0.26,-0.3,-0.01,60,183,32.8,1021,140,14.1,24.7,116,33.6,33.3,299,13,4.3,33,1.18,17.7
3,Alphonse Areola,fr FRA,GK,West Ham,eng Premier League,30,1993,31,31,2699,30.0,53,1.77,188,136,74.5,11,9,11,4,12.9,7,5,2,0,28.6,0,3,3,52.1,0.24,2.1,0.07,160,430,37.2,643,144,43.9,36.8,219,67.6,47.3,468,27,5.8,7,0.23,8.9
4,Simone Aresti,it ITA,GK,Cagliari,it Serie A,37,1986,1,0,1,0.0,1,90.0,1,0,100.0,0,0,0,0,,1,1,0,0,0.0,0,0,0,1.0,0.0,0.0,-1.21,0,1,0.0,1,0,100.0,64.0,0,,,3,0,0.0,0,0.0,
5,Kepa Arrizabalaga,es ESP,GK,Real Madrid,es La Liga,28,1994,14,13,1198,13.3,9,0.68,38,30,76.3,10,2,1,8,61.5,0,0,0,0,,0,0,1,10.0,0.28,2.0,0.15,34,92,37.0,386,57,19.2,27.0,70,25.7,30.6,157,6,3.8,10,0.75,14.7
6,Noah Atubolu,de GER,GK,Freiburg,de Bundesliga,21,2002,34,34,3060,34.0,58,1.71,158,99,65.2,11,9,14,10,29.4,5,3,2,0,40.0,1,5,1,50.0,0.3,-7.0,-0.21,193,568,34.0,1148,160,35.4,34.2,241,67.2,50.7,485,31,6.4,30,0.88,13.6
7,Emil Audero,id IDN,GK,Inter,it Serie A,26,1997,4,4,337,3.7,3,0.8,11,8,72.7,2,1,1,2,50.0,0,0,0,0,,0,0,0,3.1,0.28,0.1,0.02,6,24,25.0,177,28,11.9,24.6,18,16.7,27.2,54,6,11.1,2,0.53,10.2
8,Nicola Bagnolini,it ITA,GK,Bologna,it Serie A,19,2004,1,0,5,0.1,0,0.0,1,1,100.0,0,0,0,0,,0,0,0,0,,0,0,0,0.0,0.02,0.0,0.36,1,2,50.0,1,0,100.0,47.0,2,50.0,53.0,0,0,,0,0.0,
9,Augusto Batalla,ar ARG,GK,Granada,es La Liga,27,1996,17,17,1530,17.0,28,1.65,86,58,67.4,3,4,10,3,17.6,0,0,0,0,,0,6,0,22.6,0.27,-5.4,-0.32,127,354,35.9,566,78,45.8,39.4,122,77.9,55.9,275,23,8.4,18,1.06,14.2
10,Daniel Batz,de GER,GK,Mainz 05,de Bundesliga,32,1991,4,4,360,4.0,3,0.75,17,14,82.4,0,2,2,1,25.0,0,0,0,0,,1,0,0,2.4,0.15,-0.6,-0.15,18,58,31.0,132,14,38.6,34.7,21,33.3,34.8,38,4,10.5,2,0.5,11.3
11,Oliver Baumann,de GER,GK,Hoffenheim,de Bundesliga,33,1990,34,34,3060,34.0,66,1.94,211,143,69.7,13,7,14,2,5.9,5,2,3,0,60.0,3,9,1,68.6,0.31,3.6,0.11,208,529,39.3,1159,165,33.7,32.7,249,55.4,44.9,545,31,5.7,73,2.15,16.7
12,Alaa Bellaarouch,ma MAR,GK,Strasbourg,fr Ligue 1,21,2002,15,15,1350,15.0,26,1.73,63,37,63.5,4,2,9,2,13.3,4,3,1,0,25.0,0,1,1,19.9,0.25,-5.1,-0.34,56,183,30.6,440,57,36.4,34.4,61,37.7,36.0,203,19,9.4,21,1.4,13.4
13,Daniel Bentley,eng ENG,GK,Wolves,eng Premier League,30,1993,5,3,383,4.3,7,1.64,15,8,53.3,1,0,2,1,33.3,0,0,0,0,,0,0,0,5.8,0.39,-1.2,-0.28,13,56,23.2,111,9,36.0,33.8,33,48.5,36.9,50,0,0.0,3,0.7,13.3
14,Etrit Berisha,al ALB,GK,Empoli,it Serie A,34,1989,14,14,1260,14.0,25,1.79,74,49,68.9,3,3,8,4,28.6,3,2,1,0,33.3,0,5,1,20.7,0.24,-3.3,-0.24,44,184,23.9,400,75,34.8,33.0,90,50.0,40.8,236,11,4.7,10,0.71,12.4
15,Dimitry Bertaud,cd COD,GK,Montpellier,fr Ligue 1,25,1998,4,4,360,4.0,11,2.75,34,23,67.6,1,1,2,0,0.0,0,0,0,0,,0,1,0,10.9,0.32,-0.1,-0.02,18,61,29.5,118,26,42.4,38.0,23,47.8,42.5,56,3,5.4,0,0.0,9.6
16,Marco Bizot,nl NED,GK,Brest,fr Ligue 1,32,1991,32,32,2876,32.0,34,1.06,129,94,75.2,15,10,7,13,40.6,3,2,1,0,33.3,0,4,0,36.2,0.27,2.2,0.07,232,482,48.1,908,134,39.3,35.1,188,66.5,47.3,382,18,4.7,41,1.28,15.7
17,Rubén Blanco,es ESP,GK,Marseille,fr Ligue 1,28,1995,2,1,121,1.3,2,1.49,6,4,66.7,0,0,1,0,0.0,0,0,0,0,,0,0,0,1.3,0.21,-0.7,-0.55,5,12,41.7,41,6,26.8,28.4,10,10.0,27.0,24,4,16.7,1,0.74,10.4
18,Janis Blaswich,de GER,GK,RB Leipzig,de Bundesliga,32,1991,21,21,1890,21.0,30,1.43,76,46,65.8,10,4,7,5,23.8,4,4,0,0,0.0,0,7,0,25.3,0.28,-4.7,-0.22,57,155,36.8,822,89,14.7,25.7,134,25.4,30.7,251,16,6.4,37,1.76,17.6
19,Yassine Bounou,ma MAR,GK,Sevilla,es La Liga,32,1991,1,1,90,1.0,2,2.0,3,1,33.3,0,0,1,0,0.0,0,0,0,0,,0,0,0,1.1,0.37,-0.9,-0.88,6,16,37.5,24,4,41.7,36.1,7,85.7,57.4,9,0,0.0,0,0.0,
20,Claudio Bravo,cl CHI,GK,Betis,es La Liga,40,1983,7,7,630,7.0,5,0.71,20,16,75.0,3,4,0,2,28.6,0,0,0,0,,0,0,1,5.5,0.27,1.5,0.21,38,80,47.5,169,30,30.2,30.6,60,48.3,40.1,101,4,4.0,6,0.86,12.6
21,Fabian Bredlow,de GER,GK,Stuttgart,de Bundesliga,28,1995,4,4,360,4.0,3,0.75,22,19,86.4,3,1,0,1,25.0,0,0,0,0,,0,1,0,5.0,0.23,2.0,0.49,22,61,36.1,168,15,31.5,31.0,11,72.7,51.7,55,1,1.8,5,1.25,16.6
22,Alexander Brunst,de GER,GK,Darmstadt 98,de Bundesliga,28,1995,3,3,270,3.0,10,3.33,17,7,41.2,0,1,2,0,0.0,0,0,0,0,,0,2,0,6.3,0.37,-3.7,-1.25,33,72,45.8,129,13,41.1,36.0,21,90.5,59.6,51,3,5.9,9,3.0,19.1
23,Marcin Bułka,pl POL,GK,Nice,fr Ligue 1,23,1999,34,34,3060,34.0,29,0.85,105,74,77.1,15,10,9,17,50.0,8,5,3,0,37.5,0,1,1,30.7,0.22,2.7,0.08,74,189,39.2,1086,158,14.4,23.9,147,22.4,25.5,376,32,8.5,21,0.62,12.2
24,Elia Caprile,it ITA,GK,Empoli,it Serie A,21,2001,23,23,2070,23.0,27,1.17,106,78,78.3,6,6,11,5,21.7,5,4,1,0,20.0,0,5,0,27.6,0.22,0.6,0.02,117,350,33.4,657,137,40.3,36.8,159,53.5,45.1,391,31,7.9,20,0.87,13.3
25,Dani Cárdenas,es ESP,GK,Rayo Vallecano,es La Liga,26,1997,1,1,90,1.0,1,1.0,1,0,0.0,0,0,1,0,0.0,0,0,0,0,,0,0,0,0.9,0.93,-0.1,-0.07,2,15,13.3,36,5,36.1,36.3,4,50.0,53.5,5,0,0.0,2,2.0,17.0
26,Marco Carnesecchi,it ITA,GK,Atalanta,it Serie A,23,2000,27,27,2425,26.9,30,1.11,107,75,75.7,15,5,7,8,29.6,7,4,2,1,33.3,0,2,0,29.3,0.22,-0.7,-0.03,121,338,35.8,680,142,30.6,33.8,193,67.4,51.7,332,20,6.0,39,1.45,14.7
27,Koen Casteels,be BEL,GK,Wolfsburg,de Bundesliga,31,1992,25,25,2250,25.0,39,1.56,115,78,67.8,8,6,11,4,16.0,3,2,0,1,0.0,0,2,2,36.4,0.3,-0.6,-0.03,161,390,41.3,786,118,36.3,35.0,161,65.2,48.4,335,25,7.5,38,1.52,15.7
28,Michele Cerofolini,it ITA,GK,Frosinone,it Serie A,24,1999,8,7,675,7.5,11,1.47,28,18,60.7,2,2,3,3,42.9,1,0,0,1,,0,1,1,5.9,0.22,-4.1,-0.55,18,100,18.0,171,28,47.4,37.2,38,50.0,42.8,126,4,3.2,7,0.93,14.3
29,Lucas Chevalier,fr FRA,GK,Lille,fr Ligue 1,21,2001,33,33,2969,33.0,32,0.97,123,91,76.4,16,10,7,15,45.5,5,3,2,0,40.0,0,2,2,35.7,0.26,5.7,0.17,101,344,29.4,1059,121,26.5,29.6,123,51.2,44.5,388,25,6.4,28,0.85,12.7
30,Oliver Christensen,dk DEN,GK,Fiorentina,it Serie A,24,1999,4,4,360,4.0,9,2.25,19,10,63.2,1,1,2,0,0.0,2,2,0,0,0.0,0,0,0,4.0,0.11,-5.0,-1.26,23,61,37.7,170,15,31.8,31.0,20,35.0,33.7,32,1,3.1,9,2.25,19.5
31,Andrea Consigli,it ITA,GK,Sassuolo,it Serie A,36,1987,35,35,3150,35.0,68,1.94,159,93,61.6,6,8,21,3,8.6,10,7,1,2,12.5,1,7,3,51.7,0.28,-13.3,-0.38,172,540,31.9,982,143,42.3,36.9,252,49.6,41.2,545,23,4.2,22,0.63,11.8
32,Nikita Contini Baranovsky,it ITA,GK,Napoli,it Serie A,27,1996,1,0,17,0.2,0,0.0,0,0,,0,0,0,1,,0,0,0,0,,0,0,0,0.0,,0.0,0.0,0,0,,3,1,0.0,17.0,1,0.0,15.0,1,0,0.0,3,15.88,37.0
33,Benoît Costil,fr FRA,GK,Salernitana,it Serie A,36,1987,13,13,1170,13.0,29,2.23,66,38,60.6,2,3,8,1,7.7,3,3,0,0,0.0,0,2,1,23.6,0.32,-4.4,-0.34,71,228,31.1,323,45,48.0,37.0,104,70.2,51.1,212,2,0.9,19,1.46,18.2
34,Grégoire Coudert,fr FRA,GK,Brest,fr Ligue 1,24,1999,3,2,181,2.0,0,0.0,4,4,100.0,2,0,0,2,100.0,0,0,0,0,,0,0,0,0.3,0.07,0.3,0.13,12,36,33.3,70,10,41.4,37.2,10,70.0,55.4,24,0,0.0,2,0.99,23.0
35,Thibaut Courtois,be BEL,GK,Real Madrid,es La Liga,31,1992,4,4,332,3.7,0,0.0,15,15,100.0,3,1,0,3,75.0,0,0,0,0,,0,0,0,3.1,0.22,3.1,0.85,10,19,52.6,105,25,16.2,26.7,18,11.1,27.8,47,2,4.3,5,1.36,15.3
36,Alessio Cragno,it ITA,GK,Sassuolo,it Serie A,29,1994,3,3,270,3.0,7,2.33,14,8,57.1,1,1,1,0,0.0,1,1,0,0,0.0,1,1,1,5.1,0.3,-0.9,-0.28,17,45,37.8,78,11,50.0,37.8,22,27.3,30.5,37,3,8.1,8,2.67,18.6
37,Cristian,es ESP,GK,Valencia,es La Liga,25,1998,1,0,57,0.6,1,1.58,3,2,66.7,0,0,0,0,,0,0,0,0,,0,1,0,0.5,0.17,-0.5,-0.75,2,5,40.0,15,4,26.7,29.1,3,33.3,32.7,12,0,0.0,0,0.0,8.3
38,Iván Cuéllar,es ESP,GK,Mallorca,es La Liga,39,1984,1,1,90,1.0,1,1.0,6,5,83.3,1,0,0,0,0.0,0,0,0,0,,0,0,0,1.2,0.19,0.2,0.17,1,11,9.1,32,8,31.3,33.0,3,33.3,35.7,6,1,16.7,0,0.0,7.0
39,Finn Dahmen,de GER,GK,Augsburg,de Bundesliga,25,1998,31,31,2790,31.0,52,1.68,158,106,71.5,10,9,12,3,9.7,10,7,2,1,22.2,0,10,2,49.3,0.26,-0.7,-0.02,169,450,37.6,1151,92,30.8,32.4,187,51.3,44.3,484,28,5.8,50,1.61,15.0
40,Rémy Descamps,fr FRA,GK,Nantes,fr Ligue 1,27,1996,6,6,540,6.0,11,1.83,37,26,73.0,2,2,2,1,16.7,2,1,0,1,0.0,0,0,0,12.5,0.35,1.5,0.26,51,125,40.8,141,28,51.1,40.3,71,74.6,49.8,116,8,6.9,0,0.0,7.8
41,Arthur Desmas,fr FRA,GK,Le Havre,fr Ligue 1,29,1994,33,33,2970,33.0,43,1.3,153,111,72.5,7,11,15,7,21.2,3,1,1,1,50.0,0,5,2,47.0,0.3,6.0,0.18,155,454,34.1,719,135,46.9,37.1,222,52.7,39.1,470,32,6.8,24,0.73,12.5
42,Raffaele Di Gennaro,it ITA,GK,Inter,it Serie A,29,1993,1,0,23,0.3,0,0.0,4,4,100.0,0,0,0,0,,0,0,0,0,,0,0,0,0.5,0.13,0.5,2.08,1,2,50.0,15,3,13.3,25.2,1,0.0,10.0,4,0,0.0,0,0.0,
43,Michele Di Gregorio,it ITA,GK,Monza,it Serie A,26,1997,33,33,2872,31.9,35,1.1,159,122,79.9,11,11,11,12,36.4,5,3,2,0,40.0,1,5,0,45.4,0.26,10.4,0.33,179,430,41.6,1126,201,27.8,30.6,223,52.5,44.2,469,19,4.1,18,0.56,11.5
44,Mory Diaw,sn SEN,GK,Clermont Foot,fr Ligue 1,30,1993,30,30,2700,30.0,54,1.8,188,134,74.5,4,8,18,5,16.7,8,6,1,1,14.3,0,5,1,57.1,0.28,4.1,0.14,206,558,36.9,1065,129,42.8,36.7,176,58.0,44.5,439,39,8.9,46,1.53,14.4
45,Guillaume Dietsch,fr FRA,GK,Metz,fr Ligue 1,22,2001,1,0,73,0.8,1,1.23,3,2,66.7,0,0,0,0,,0,0,0,0,,0,0,0,0.8,0.31,-0.2,-0.21,6,16,37.5,19,3,47.4,36.4,7,100.0,63.0,14,1,7.1,0,0.0,3.0
46,Stole Dimitrievski,mk MKD,GK,Rayo Vallecano,es La Liga,29,1993,37,37,3330,37.0,47,1.27,150,104,69.3,8,14,15,13,35.1,2,1,1,0,50.0,1,5,2,46.9,0.31,1.9,0.05,168,598,28.1,928,171,47.1,39.4,267,60.3,48.4,529,23,4.3,38,1.03,14.6
47,Yehvann Diouf,sn SEN,GK,Reims,fr Ligue 1,23,1999,34,34,3060,34.0,47,1.38,137,90,70.1,13,8,13,8,23.5,7,6,1,0,14.3,1,4,1,42.7,0.27,-3.3,-0.1,124,353,35.1,1135,179,25.2,30.1,157,42.7,36.9,522,38,7.3,46,1.35,14.2
48,Marko Dmitrović,rs SRB,GK,Sevilla,es La Liga,31,1992,13,13,1170,13.0,25,1.92,68,44,66.2,2,2,9,2,15.4,2,2,0,0,0.0,0,3,1,22.4,0.3,-1.6,-0.12,52,148,35.1,314,70,32.5,32.7,79,58.2,45.9,152,11,7.2,15,1.15,15.4
49,Jaume Doménech,es ESP,GK,Valencia,es La Liga,32,1990,2,1,79,0.9,3,3.42,12,9,75.0,0,0,1,0,0.0,0,0,0,0,,1,2,0,1.7,0.14,-1.3,-1.52,4,20,20.0,24,2,62.5,40.5,7,71.4,51.4,19,1,5.3,1,1.14,11.4
50,Gianluigi Donnarumma,it ITA,GK,Paris S-G,fr Ligue 1,24,1999,25,25,2169,24.1,20,0.83,110,89,84.5,18,6,1,10,40.0,4,3,1,0,25.0,0,2,0,30.4,0.25,10.4,0.43,36,94,38.3,641,113,11.4,24.2,131,16.0,23.0,294,15,5.1,23,0.95,13.2
51,Martin Dúbravka,sk SVK,GK,Newcastle Utd,eng Premier League,34,1989,23,22,1985,22.1,42,1.9,130,87,70.8,9,4,9,5,22.7,5,4,1,0,20.0,0,5,0,42.2,0.29,0.2,0.01,56,165,33.9,480,143,15.6,25.4,169,53.3,39.1,296,20,6.8,22,1.0,12.9
52,Ederson,br BRA,GK,Manchester City,eng Premier League,29,1993,33,33,2785,30.9,27,0.87,82,56,70.7,24,6,3,10,30.3,3,3,0,0,0.0,0,2,1,27.2,0.3,1.2,0.04,114,246,46.3,1120,137,18.3,27.2,114,36.0,36.3,247,25,10.1,50,1.62,17.3
53,Aarón Escandell,es ESP,GK,Las Palmas,es La Liga,27,1995,2,1,153,1.7,3,1.76,4,1,25.0,0,0,1,0,0.0,0,0,0,0,,0,0,0,2.5,0.62,-0.5,-0.3,9,26,34.6,73,10,27.4,30.4,12,50.0,41.3,24,1,4.2,4,2.35,18.0
54,Łukasz Fabiański,pl POL,GK,West Ham,eng Premier League,38,1985,10,7,721,8.0,21,2.62,53,33,66.0,3,1,3,1,14.3,3,3,0,0,0.0,0,3,1,19.8,0.33,-0.2,-0.02,50,123,40.7,182,44,50.0,39.0,56,57.1,45.1,114,8,7.0,1,0.12,7.6
55,Wladimiro Falcone,it ITA,GK,Lecce,it Serie A,28,1995,38,38,3420,38.0,54,1.42,173,119,71.7,8,14,16,7,18.4,6,5,1,0,16.7,1,7,1,51.0,0.26,-2.0,-0.05,152,489,31.1,893,159,42.6,34.9,248,44.0,35.2,522,20,3.8,20,0.53,11.0
56,Aitor Fernández,es ESP,GK,Osasuna,es La Liga,32,1991,7,6,551,6.1,9,1.47,20,11,60.0,0,2,4,1,16.7,1,1,0,0,0.0,0,2,0,6.1,0.26,-2.9,-0.47,47,113,41.6,174,19,56.3,42.5,22,68.2,49.7,69,1,1.4,15,2.45,24.8
57,Raúl Fernández,es ESP,GK,Granada,es La Liga,35,1988,4,4,280,3.1,11,3.54,17,7,35.3,1,0,3,0,0.0,1,0,0,1,,0,1,1,7.8,0.46,-2.2,-0.71,14,47,29.8,88,10,37.5,35.7,17,82.4,62.1,36,4,11.1,11,3.54,17.3
58,Fernando,es ESP,GK,Almería,es La Liga,33,1990,4,4,360,4.0,10,2.5,23,13,56.5,1,1,2,0,0.0,0,0,0,0,,0,1,0,8.5,0.37,-1.5,-0.36,22,67,32.8,133,28,39.8,35.6,26,53.8,44.0,72,4,5.6,7,1.75,14.5
59,André Ferreira,pt POR,GK,Granada,es La Liga,27,1996,15,14,1340,14.9,29,1.95,77,49,66.2,0,5,9,0,0.0,3,3,0,0,0.0,0,2,1,27.8,0.33,-0.2,-0.01,73,186,39.2,388,88,31.4,32.2,110,58.2,44.3,195,6,3.1,13,0.87,12.6
60,Vincenzo Fiorillo,it ITA,GK,Salernitana,it Serie A,33,1990,4,4,360,4.0,8,2.0,26,18,69.2,0,2,2,0,0.0,0,0,0,0,,0,4,0,7.3,0.28,-0.7,-0.18,27,96,28.1,72,9,68.1,44.9,54,87.0,56.6,77,4,5.2,1,0.25,7.6
61,Mark Flekken,nl NED,GK,Brentford,eng Premier League,30,1993,37,37,3285,36.5,63,1.73,176,113,65.3,10,9,18,7,18.9,2,2,0,0,0.0,0,6,0,55.4,0.31,-7.6,-0.21,242,647,37.4,1288,131,36.6,34.5,289,60.9,46.7,568,44,7.7,37,1.01,12.6
62,Wes Foderingham,eng ENG,GK,Sheffield Utd,eng Premier League,32,1991,30,29,2649,29.4,79,2.68,204,130,63.7,3,4,22,1,3.4,6,5,0,1,0.0,0,8,5,70.4,0.33,-3.6,-0.12,205,618,33.2,783,101,54.5,40.2,262,72.9,52.1,468,28,6.0,42,1.43,14.7
63,Daniel Fuzato,br BRA,GK,Getafe,es La Liga,26,1997,1,0,7,0.1,2,25.71,2,0,0.0,0,0,0,0,,0,0,0,0,,0,1,0,1.3,0.63,-0.7,-9.63,2,7,28.6,6,1,50.0,39.2,4,100.0,71.8,5,1,20.0,0,0.0,10.7
64,Paulo Gazzaniga,ar ARG,GK,Girona,es La Liga,31,1992,38,38,3420,38.0,46,1.21,168,121,75.6,25,6,7,12,31.6,7,5,1,1,16.7,0,8,0,51.0,0.28,5.0,0.13,155,420,36.9,1140,178,25.6,30.0,246,52.0,44.8,534,41,7.7,33,0.87,13.2
65,Luca Gemello,it ITA,GK,Torino,it Serie A,23,2000,2,2,180,2.0,5,2.5,9,4,55.6,0,0,2,0,0.0,1,1,0,0,0.0,0,0,0,3.6,0.31,-1.4,-0.72,10,29,34.5,104,8,26.9,31.1,12,8.3,19.7,24,3,12.5,3,1.5,12.0
66,David Gil,es ESP,GK,Cádiz,es La Liga,29,1994,5,4,372,4.1,8,1.94,24,17,66.7,0,3,1,1,25.0,0,0,0,0,,0,0,1,5.3,0.26,-1.7,-0.4,51,125,40.8,104,8,76.9,49.3,48,93.8,63.5,91,7,7.7,0,0.0,7.0
67,Pierluigi Gollini,it ITA,GK,Napoli,it Serie A,28,1995,7,7,630,7.0,8,1.14,24,16,66.7,3,1,3,1,14.3,0,0,0,0,,0,1,0,8.2,0.34,0.2,0.02,27,68,39.7,213,28,22.1,29.5,53,39.6,36.3,82,5,6.1,9,1.29,16.2
68,Mathieu Gorgelin,fr FRA,GK,Le Havre,fr Ligue 1,32,1990,1,1,90,1.0,2,2.0,5,3,80.0,0,0,1,0,0.0,1,1,0,0,0.0,0,0,0,2.9,0.39,0.9,0.92,3,9,33.3,17,0,47.1,33.1,2,50.0,32.5,12,0,0.0,1,1.0,14.5
69,Jens Grahl,de GER,GK,Eint Frankfurt,de Bundesliga,34,1988,2,2,180,2.0,2,1.0,9,7,77.8,1,1,0,0,0.0,0,0,0,0,,0,0,0,1.4,0.15,-0.6,-0.31,4,29,13.8,77,15,31.2,34.4,15,33.3,37.9,33,4,12.1,4,2.0,15.7
70,Ivo Grbić,hr CRO,GK,Sheffield Utd,eng Premier League,27,1996,9,9,771,8.6,25,2.92,59,36,57.6,0,3,6,0,0.0,1,0,0,1,,0,4,2,14.7,0.25,-8.3,-0.97,65,199,32.7,207,25,57.5,41.2,89,89.9,59.4,193,11,5.7,14,1.63,14.4
71,Dominik Greif,sk SVK,GK,Mallorca,es La Liga,26,1997,1,1,90,1.0,0,0.0,4,4,100.0,0,1,0,1,100.0,0,0,0,0,,0,0,0,0.7,0.16,0.7,0.66,10,18,55.6,23,3,52.2,42.0,9,66.7,54.2,12,0,0.0,1,1.0,23.0
72,Vicente Guaita,es ESP,GK,Celta Vigo,es La Liga,36,1987,27,26,2403,26.7,39,1.46,120,83,70.8,8,7,11,6,23.1,5,4,0,1,0.0,0,5,2,39.7,0.31,2.7,0.1,137,356,38.5,589,134,39.4,35.5,213,58.2,45.3,420,23,5.5,27,1.01,13.3
73,Péter Gulácsi,hu HUN,GK,RB Leipzig,de Bundesliga,33,1990,13,13,1170,13.0,9,0.69,41,33,78.0,9,4,0,5,38.5,1,0,0,1,,1,1,1,10.3,0.25,2.3,0.17,22,79,27.8,373,58,12.9,25.1,97,32.0,32.2,175,7,4.0,14,1.08,14.5
74,Dean Henderson,eng ENG,GK,Crystal Palace,eng Premier League,26,1997,18,18,1620,18.0,30,1.67,86,57,66.3,8,4,6,4,22.2,1,1,0,0,0.0,0,3,1,27.4,0.31,-1.6,-0.09,59,245,24.1,377,52,46.7,38.6,105,65.7,47.0,246,5,2.0,17,0.94,13.8
75,Sergio Herrera,es ESP,GK,Osasuna,es La Liga,30,1993,32,32,2869,31.9,47,1.47,132,84,64.4,12,7,13,9,28.1,1,0,1,0,100.0,0,6,0,45.6,0.34,-1.4,-0.04,282,658,42.9,961,100,52.0,40.4,222,71.2,51.2,468,29,6.2,43,1.35,16.4
76,Lukáš Hrádecký,fi FIN,GK,Leverkusen,de Bundesliga,33,1989,33,33,2970,33.0,24,0.73,102,78,76.5,28,5,0,15,45.5,0,0,0,0,,0,4,0,27.5,0.27,3.5,0.11,71,202,35.1,736,165,20.8,27.6,145,33.8,34.5,313,27,8.6,39,1.18,16.5
77,Sam Johnstone,eng ENG,GK,Crystal Palace,eng Premier League,30,1993,20,20,1796,20.0,27,1.35,67,41,62.7,5,6,9,6,30.0,2,2,0,0,0.0,0,4,1,20.0,0.27,-6.0,-0.3,117,355,33.0,453,63,55.0,41.2,141,75.2,52.8,339,24,7.1,12,0.6,11.2
78,Filip Jørgensen,dk DEN,GK,Villarreal,es La Liga,21,2002,36,36,3240,36.0,63,1.75,205,143,72.2,13,10,13,6,16.7,6,6,0,0,0.0,1,9,1,59.8,0.27,-2.2,-0.06,144,360,40.0,1055,178,24.5,29.7,245,41.6,37.8,650,34,5.2,36,1.0,13.4
79,Thomas Kaminski,be BEL,GK,Luton Town,eng Premier League,30,1992,38,38,3405,37.8,85,2.25,221,140,63.3,6,8,24,2,5.3,4,4,0,0,0.0,0,13,4,77.6,0.34,-3.4,-0.09,271,808,33.5,1121,150,52.0,39.5,341,66.0,47.5,558,16,2.9,76,2.01,20.5
80,Loris Karius,de GER,GK,Newcastle Utd,eng Premier League,30,1993,1,1,90,1.0,4,4.0,7,4,42.9,0,0,1,0,0.0,0,0,0,0,,0,1,1,2.0,0.29,-1.0,-0.99,3,18,16.7,27,5,48.1,36.3,9,55.6,41.8,10,1,10.0,3,3.0,19.5
81,Caoimhín Kelleher,ie IRL,GK,Liverpool,eng Premier League,24,1998,10,10,900,10.0,11,1.1,38,28,71.1,8,2,0,2,20.0,0,0,0,0,,0,3,1,11.3,0.3,1.3,0.13,32,102,31.4,411,52,22.4,27.3,28,35.7,34.9,77,5,6.5,13,1.3,17.0
82,Gregor Kobel,ch SUI,GK,Dortmund,de Bundesliga,25,1997,27,27,2365,26.3,34,1.29,118,84,75.4,14,8,5,7,25.9,6,5,1,0,16.7,0,9,1,36.8,0.28,3.8,0.14,106,268,39.6,1006,106,19.6,28.1,165,43.0,38.5,359,7,1.9,17,0.65,12.5
83,Philipp Köhn,ch SUI,GK,Monaco,fr Ligue 1,25,1998,22,22,1980,22.0,32,1.45,97,65,72.2,11,5,6,5,22.7,6,5,1,0,16.7,1,6,1,32.0,0.27,1.0,0.05,82,249,32.9,536,91,32.5,32.1,130,57.7,43.5,282,22,7.8,19,0.86,11.3
84,Tomáš Koubek,cz CZE,GK,Augsburg,de Bundesliga,30,1992,3,3,270,3.0,8,2.67,25,17,68.0,0,0,3,0,0.0,0,0,0,0,,0,2,0,6.7,0.29,-1.3,-0.43,16,40,40.0,74,6,36.5,34.5,24,54.2,46.5,36,2,5.6,2,0.67,11.6
85,Matej Kovar,cz CZE,GK,Leverkusen,de Bundesliga,23,2000,1,1,90,1.0,0,0.0,3,3,100.0,0,1,0,1,100.0,0,0,0,0,,0,0,0,0.4,0.15,0.4,0.44,0,0,,17,6,0.0,22.1,0,,,3,1,33.3,1,1.0,15.0
86,Alban Lafont,fr FRA,GK,Nantes,fr Ligue 1,24,1999,28,28,2496,27.7,43,1.55,118,75,70.3,7,4,17,7,25.0,8,8,0,0,0.0,0,2,0,42.4,0.31,-0.6,-0.02,123,388,31.7,839,145,34.2,34.0,166,60.8,46.9,385,33,8.6,33,1.19,13.0
87,Nicola Leali,it ITA,GK,Genoa,it Serie A,30,1993,3,2,176,2.0,2,1.02,9,7,77.8,1,0,1,0,0.0,0,0,0,0,,0,0,0,2.8,0.31,0.8,0.4,18,48,37.5,62,3,69.4,44.7,10,50.0,40.6,27,2,7.4,1,0.51,15.2
88,Jean-Louis Leca,fr FRA,GK,Lens,fr Ligue 1,37,1985,1,1,90,1.0,2,2.0,2,0,0.0,0,1,0,0,0.0,0,0,0,0,,0,0,0,1.0,0.49,-1.0,-1.03,1,10,10.0,22,5,31.8,29.0,4,75.0,60.5,8,0,0.0,0,0.0,9.8
89,Benjamin Lecomte,fr FRA,GK,Montpellier,fr Ligue 1,32,1991,30,30,2700,30.0,37,1.23,137,102,75.9,9,11,10,10,33.3,5,4,1,0,20.0,2,3,3,36.8,0.24,2.8,0.09,150,436,34.4,781,137,44.2,36.6,221,41.2,36.4,471,29,6.2,13,0.43,9.5
90,Jeremías Ledesma,ar ARG,GK,Cádiz,es La Liga,30,1993,34,34,3048,33.9,47,1.39,151,104,70.2,6,12,16,9,26.5,2,2,0,0,0.0,0,6,0,46.4,0.3,-0.6,-0.02,313,785,39.9,897,115,60.4,44.0,284,85.6,62.1,526,53,10.1,45,1.33,12.9
91,Bernd Leno,de GER,GK,Fulham,eng Premier League,31,1992,38,38,3420,38.0,61,1.61,190,133,72.1,13,8,17,10,26.3,8,8,0,0,0.0,2,3,4,55.7,0.26,-1.3,-0.03,144,439,32.8,1372,167,23.7,28.5,201,56.7,44.7,472,19,4.0,40,1.05,14.2
92,Anthony Lopes,pt POR,GK,Lyon,fr Ligue 1,32,1990,31,31,2790,31.0,49,1.58,155,106,71.0,16,4,11,9,29.0,6,4,1,1,20.0,1,7,1,43.5,0.25,-4.5,-0.15,132,362,36.5,839,156,34.1,32.4,196,38.8,34.1,438,36,8.2,28,0.9,12.4
93,Pau López,es ESP,GK,Marseille,fr Ligue 1,28,1994,33,33,2939,32.7,39,1.19,124,86,71.0,13,11,9,7,21.2,3,3,0,0,0.0,1,7,1,32.6,0.24,-5.4,-0.17,93,325,28.6,1044,113,24.8,29.4,149,44.3,37.3,406,15,3.7,25,0.77,13.9
94,Andriy Lunin,ua UKR,GK,Real Madrid,es La Liga,24,1999,21,21,1890,21.0,17,0.81,65,48,75.4,16,5,0,10,47.6,1,1,0,0,0.0,0,2,0,21.2,0.31,4.2,0.2,35,99,35.4,548,95,13.7,25.2,116,20.7,28.7,283,27,9.5,23,1.1,12.2
95,Andreas Luthe,de GER,GK,Bochum,de Bundesliga,36,1987,1,1,90,1.0,4,4.0,4,1,0.0,0,0,1,0,0.0,0,0,0,0,,0,0,1,2.7,0.68,-0.3,-0.3,20,43,46.5,42,2,85.7,51.3,7,100.0,61.1,13,0,0.0,0,0.0,7.7
96,Mike Maignan,fr FRA,GK,Milan,it Serie A,28,1995,29,29,2609,29.0,34,1.17,120,86,77.5,19,5,5,10,34.5,7,7,0,0,0.0,2,3,0,29.8,0.19,-4.2,-0.14,119,284,41.9,1070,188,21.1,28.2,147,39.5,38.0,339,37,10.9,36,1.24,15.2
97,Radosław Majecki,pl POL,GK,Monaco,fr Ligue 1,23,1999,12,12,1080,12.0,10,0.83,54,45,81.5,9,2,1,7,58.3,0,0,0,0,,0,0,1,14.7,0.29,5.7,0.47,39,121,32.2,296,68,31.1,32.0,80,36.3,33.4,160,13,8.1,7,0.58,11.0
98,Giorgi Mamardashvili,ge GEO,GK,Valencia,es La Liga,22,2000,37,37,3284,36.5,41,1.12,145,103,73.8,13,10,14,13,35.1,6,3,3,0,50.0,0,4,2,49.2,0.31,10.2,0.28,185,671,27.6,864,142,57.3,41.4,245,71.8,53.4,530,45,8.5,31,0.85,12.3
99,Steve Mandanda,fr FRA,GK,Rennes,fr Ligue 1,38,1985,34,34,3060,34.0,46,1.35,147,104,70.7,12,10,12,7,20.6,3,3,0,0,0.0,0,5,3,38.2,0.25,-4.8,-0.14,134,416,32.2,1017,149,29.9,31.5,192,58.3,43.1,451,36,8.0,37,1.09,15.1
100,Christos Mandas,gr GRE,GK,Lazio,it Serie A,21,2001,9,8,721,8.0,6,0.75,29,23,79.3,6,1,1,4,50.0,0,0,0,0,,0,2,0,7.0,0.25,1.0,0.12,38,114,33.3,240,29,42.5,37.7,29,41.4,37.9,99,6,6.1,5,0.62,13.1
101,Vito Mannone,it ITA,GK,Lille,fr Ligue 1,35,1988,2,1,91,1.0,2,1.98,5,3,60.0,0,1,0,0,0.0,0,0,0,0,,0,0,0,1.7,0.35,-0.3,-0.26,5,16,31.3,37,1,40.5,35.9,1,100.0,61.0,11,2,18.2,4,3.96,15.0
102,Diego Mariño,es ESP,GK,Almería,es La Liga,33,1990,1,1,90,1.0,2,2.0,4,2,100.0,0,0,1,0,0.0,2,2,0,0,0.0,0,0,0,2.1,0.02,0.1,0.05,1,5,20.0,25,6,20.0,24.1,2,0.0,16.5,6,0,0.0,2,2.0,22.7
103,Unai Marrero,es ESP,GK,Real Sociedad,es La Liga,21,2001,2,1,142,1.6,3,1.9,5,2,60.0,0,0,1,0,0.0,1,1,0,0,0.0,0,0,0,2.9,0.37,-0.1,-0.09,10,25,40.0,37,5,45.9,37.0,8,100.0,63.4,27,1,3.7,4,2.54,20.1
104,Tommaso Martinelli,it ITA,GK,Fiorentina,it Serie A,17,2006,1,1,90,1.0,2,2.0,3,1,33.3,1,0,0,0,0.0,0,0,0,0,,0,0,0,1.4,0.45,-0.6,-0.65,4,15,26.7,40,3,30.0,32.3,9,33.3,32.0,14,0,0.0,0,0.0,11.0
105,Emiliano Martínez,ar ARG,GK,Aston Villa,eng Premier League,30,1992,34,34,3015,33.5,48,1.43,139,95,66.2,19,8,7,8,23.5,1,1,0,0,0.0,0,10,4,50.6,0.37,6.6,0.2,121,332,36.4,1270,157,21.0,27.7,159,40.9,36.1,373,45,12.1,69,2.06,17.5
106,Josep Martinez,es ESP,GK,Genoa,it Serie A,25,1998,36,36,3239,36.0,43,1.19,130,87,69.2,11,13,12,8,22.2,4,3,1,0,25.0,1,4,1,38.9,0.28,-3.1,-0.09,227,583,38.9,1253,107,37.4,35.9,171,66.7,49.4,580,45,7.8,40,1.11,12.2
107,Marc Martínez,es ESP,GK,Granada,es La Liga,33,1990,3,3,270,3.0,11,3.67,23,12,60.9,0,0,3,0,0.0,2,2,0,0,0.0,0,3,0,12.1,0.46,1.1,0.37,17,39,43.6,74,9,33.8,33.3,24,58.3,46.3,30,0,0.0,10,3.33,23.0
108,Remi Matthews,eng ENG,GK,Crystal Palace,eng Premier League,29,1994,1,0,4,0.0,1,22.5,1,0,0.0,0,0,0,0,,0,0,0,0,,0,0,0,0.1,0.15,-0.9,-19.2,0,5,0.0,4,0,100.0,53.8,1,100.0,63.0,1,1,100.0,0,0.0,3.5
109,Luís Maximiano,pt POR,GK,Almería,es La Liga,24,1999,33,33,2970,33.0,63,1.91,175,111,66.3,2,11,20,6,18.2,7,4,1,2,20.0,0,7,0,59.7,0.32,-3.3,-0.1,158,543,29.1,995,146,38.4,35.5,264,61.0,46.3,551,25,4.5,38,1.15,14.5
110,Alex Meret,it ITA,GK,Napoli,it Serie A,26,1997,31,31,2773,30.8,40,1.3,104,62,63.5,10,13,8,5,16.1,4,2,2,0,50.0,1,5,0,38.0,0.33,-2.0,-0.07,56,174,32.2,774,120,18.5,27.9,137,22.6,29.5,334,9,2.7,29,0.94,15.4
111,Alexander Meyer,de GER,GK,Dortmund,de Bundesliga,32,1991,8,7,695,7.7,9,1.17,27,19,66.7,4,1,2,3,42.9,0,0,0,0,,0,0,1,7.8,0.3,-0.2,-0.03,27,81,33.3,334,29,20.1,28.3,31,45.2,42.1,107,8,7.5,7,0.91,14.5
112,Vanja Milinković-Savić,rs SRB,GK,Torino,it Serie A,26,1997,36,36,3240,36.0,31,0.86,134,103,81.3,13,14,9,18,50.0,6,6,0,0,0.0,0,4,0,33.8,0.21,2.8,0.08,264,783,33.7,1288,171,44.8,38.3,239,86.2,66.6,407,38,9.3,37,1.03,13.6
113,Antonio Mirante,it ITA,GK,Milan,it Serie A,40,1983,2,2,177,2.0,3,1.53,8,5,62.5,0,1,1,0,0.0,0,0,0,0,,0,1,0,3.1,0.41,0.1,0.05,5,14,35.7,46,5,26.1,29.2,8,25.0,29.4,17,1,5.9,1,0.51,11.9
114,Lorenzo Montipò,it ITA,GK,Hellas Verona,it Serie A,27,1996,37,37,3330,37.0,49,1.32,153,105,69.3,9,10,18,8,21.6,2,2,0,0,0.0,0,6,1,40.7,0.26,-7.3,-0.2,323,763,42.3,960,109,54.5,41.1,305,78.7,56.4,487,22,4.5,43,1.16,15.3
115,Kevin Müller,de GER,GK,Heidenheim,de Bundesliga,32,1991,34,34,3060,34.0,55,1.62,174,121,72.4,10,12,12,6,17.6,10,7,1,2,12.5,0,7,3,53.6,0.27,1.6,0.05,249,595,41.8,1164,167,35.2,35.9,316,58.5,46.1,495,24,4.8,17,0.5,13.2
116,Arijanet Muric,xk KVX,GK,Burnley,eng Premier League,24,1998,10,10,900,10.0,16,1.6,78,62,80.8,2,4,4,0,0.0,2,1,1,0,50.0,0,1,1,21.7,0.26,6.7,0.67,77,219,35.2,547,54,36.4,34.3,33,60.6,45.1,143,20,14.0,31,3.1,17.2
117,Juan Musso,ar ARG,GK,Atalanta,it Serie A,29,1994,11,11,990,11.0,12,1.09,34,23,70.6,6,1,4,6,54.5,2,2,0,0,0.0,0,2,1,9.8,0.23,-1.2,-0.11,40,120,33.3,299,70,24.4,29.6,70,67.1,48.6,110,10,9.1,16,1.45,16.7
118,Yvon Mvogo,ch SUI,GK,Lorient,fr Ligue 1,29,1994,34,34,3060,34.0,66,1.94,207,142,72.0,7,8,19,4,11.8,8,8,0,0,0.0,1,8,1,64.0,0.28,-1.0,-0.03,139,378,36.8,921,162,29.1,31.4,228,48.2,38.8,591,24,4.1,13,0.38,8.9
119,Lapo Nava,it ITA,GK,Milan,it Serie A,19,2004,1,0,3,0.0,1,30.0,2,1,50.0,0,0,0,0,,0,0,0,0,,0,0,0,0.9,0.5,-0.1,-2.83,1,1,100.0,1,0,100.0,43.0,0,,,0,0,,0,0.0,
120,Keylor Navas,cr CRC,GK,Paris S-G,fr Ligue 1,36,1986,4,4,360,4.0,6,1.5,12,6,58.3,2,2,0,1,25.0,1,1,0,0,0.0,0,0,0,4.7,0.31,-1.3,-0.33,4,9,44.4,80,12,10.0,23.5,18,5.6,22.2,37,0,0.0,5,1.25,16.3
121,Massamba Ndiaye,sn SEN,GK,Clermont Foot,fr Ligue 1,21,2001,4,4,360,4.0,6,1.5,24,18,79.2,1,2,1,0,0.0,1,1,0,0,0.0,0,1,0,7.8,0.29,1.8,0.45,20,55,36.4,148,28,29.7,30.9,24,45.8,35.1,75,7,9.3,3,0.75,10.1
122,Neto,br BRA,GK,Bournemouth,eng Premier League,34,1989,32,32,2880,32.0,55,1.72,165,110,69.7,10,9,13,7,21.9,6,5,1,0,16.7,1,3,1,55.2,0.31,1.2,0.04,172,494,34.8,833,154,44.1,36.9,223,57.0,44.2,413,26,6.3,34,1.06,13.7
123,Manuel Neuer,de GER,GK,Bayern Munich,de Bundesliga,37,1986,23,23,2053,22.8,33,1.45,93,59,66.7,16,1,6,6,26.1,3,2,1,0,33.3,1,1,0,29.1,0.29,-3.9,-0.17,73,159,45.9,779,110,18.6,27.7,97,14.4,26.0,231,9,3.9,32,1.4,17.5
124,Moritz Nicolas,de GER,GK,Gladbach,de Bundesliga,25,1997,27,27,2430,27.0,49,1.81,160,111,71.9,6,11,10,4,14.8,4,4,0,0,0.0,0,6,0,45.1,0.26,-3.9,-0.14,112,315,35.6,888,140,26.0,29.7,161,52.2,42.5,460,21,4.6,22,0.81,13.2
125,Alexander Nübel,de GER,GK,Stuttgart,de Bundesliga,26,1996,30,30,2700,30.0,36,1.2,107,74,69.2,20,3,7,11,36.7,3,3,0,0,0.0,0,5,3,30.8,0.27,-2.2,-0.07,126,291,43.3,1103,132,23.1,28.7,112,32.1,32.7,341,30,8.8,57,1.9,17.3
126,Ørjan Nyland,no NOR,GK,Sevilla,es La Liga,32,1990,24,24,2160,24.0,27,1.13,104,78,76.9,8,9,7,6,25.0,3,3,0,0,0.0,1,1,1,29.8,0.26,3.8,0.16,166,449,37.0,583,108,49.9,39.4,201,78.6,56.4,359,20,5.6,17,0.71,13.5
127,Jan Oblak,si SVN,GK,Atlético Madrid,es La Liga,30,1993,38,38,3420,38.0,43,1.13,144,101,70.8,24,4,10,13,34.2,2,1,0,1,0.0,0,3,0,39.8,0.28,-3.2,-0.08,114,336,33.9,740,180,27.6,31.5,283,46.6,38.7,579,36,6.2,22,0.58,11.8
128,Guillermo Ochoa,mx MEX,GK,Salernitana,it Serie A,38,1985,21,21,1890,21.0,44,2.1,115,72,67.8,0,6,15,1,4.8,7,7,0,0,0.0,0,3,1,37.2,0.27,-5.8,-0.28,85,323,26.3,479,73,46.3,37.5,171,59.1,44.4,342,9,2.6,11,0.52,13.6
129,Maduka Okoye,ng NGA,GK,Udinese,it Serie A,23,1999,21,21,1890,21.0,25,1.19,89,65,75.3,5,8,8,5,23.8,3,3,0,0,0.0,2,3,1,23.9,0.24,-0.1,0.0,99,263,37.6,286,45,55.9,41.7,161,64.0,49.0,365,7,1.9,2,0.1,8.7
130,Robin Olsen,se SWE,GK,Aston Villa,eng Premier League,33,1990,5,4,405,4.5,13,2.89,34,20,61.8,1,0,3,0,0.0,1,0,1,0,100.0,1,0,0,11.1,0.3,-1.9,-0.43,15,48,31.3,176,19,20.5,27.1,27,44.4,35.9,46,6,13.0,1,0.22,8.4
131,Jonas Omlin,ch SUI,GK,Gladbach,de Bundesliga,29,1994,7,7,630,7.0,18,2.57,47,29,66.0,1,2,4,0,0.0,2,2,0,0,0.0,0,1,0,13.3,0.24,-4.7,-0.67,32,90,35.6,242,37,30.2,32.3,34,50.0,41.8,78,7,9.0,12,1.71,15.3
132,André Onana,cm CMR,GK,Manchester Utd,eng Premier League,27,1996,38,38,3420,38.0,58,1.53,203,146,74.9,18,6,14,9,23.7,7,7,0,0,0.0,1,11,1,59.7,0.27,2.7,0.07,149,513,29.0,1351,140,31.0,31.2,162,58.0,44.6,601,42,7.0,37,0.97,12.9
133,Stefan Ortega,de GER,GK,Manchester City,eng Premier League,30,1992,9,5,635,7.1,7,0.99,27,20,74.1,4,1,0,3,60.0,0,0,0,0,,0,1,0,9.0,0.33,2.0,0.28,28,68,41.2,247,24,24.7,27.9,19,36.8,34.4,65,6,9.2,13,1.84,16.8
134,Alexandre Oukidja,dz ALG,GK,Metz,fr Ligue 1,35,1988,34,34,2987,33.2,57,1.72,185,128,72.4,8,5,21,6,17.6,6,6,0,0,0.0,1,7,0,52.3,0.26,-4.7,-0.14,209,666,31.4,708,125,57.3,42.4,292,89.0,59.0,569,46,8.1,22,0.66,10.3
135,Jesús Owono,gq EQG,GK,Alavés,es La Liga,22,2001,4,4,360,4.0,8,2.0,24,16,66.7,1,2,1,1,25.0,0,0,0,0,,0,1,0,6.4,0.27,-1.6,-0.4,36,77,46.8,88,9,54.5,41.7,31,93.5,66.8,29,4,13.8,8,2.0,15.2
136,Rui Patrício,pt POR,GK,Roma,it Serie A,35,1988,23,23,2070,23.0,27,1.17,74,49,66.2,11,5,7,6,26.1,3,2,0,1,0.0,0,2,2,23.4,0.29,-1.6,-0.07,90,211,42.7,492,86,31.5,31.0,137,40.9,34.9,309,16,5.2,8,0.35,11.7
137,Jiří Pavlenka,cz CZE,GK,Werder Bremen,de Bundesliga,31,1992,7,7,630,7.0,17,2.43,38,21,60.5,2,0,5,1,14.3,2,2,0,0,0.0,0,1,0,13.1,0.3,-3.9,-0.56,31,85,36.5,177,37,37.9,34.2,69,26.1,32.5,109,7,6.4,9,1.29,14.4
138,Iñaki Peña,es ESP,GK,Barcelona,es La Liga,24,1999,10,10,900,10.0,17,1.7,39,22,56.4,6,2,2,2,20.0,0,0,0,0,,0,0,0,13.9,0.36,-3.1,-0.31,21,49,42.9,249,46,13.3,23.7,48,33.3,35.5,116,2,1.7,5,0.5,10.6
139,Daniel Peretz,il ISR,GK,Bayern Munich,de Bundesliga,23,2000,1,0,17,0.2,0,0.0,0,0,,0,0,0,1,,0,0,0,0,,0,0,0,0.0,,0.0,0.0,0,4,0.0,15,3,26.7,33.1,2,0.0,16.5,2,0,0.0,0,0.0,
140,Simone Perilli,it ITA,GK,Hellas Verona,it Serie A,28,1995,1,1,90,1.0,2,2.0,10,8,80.0,0,1,0,0,0.0,0,0,0,0,,0,0,0,2.7,0.29,0.7,0.75,8,28,28.6,32,2,75.0,49.5,5,80.0,62.0,5,0,0.0,2,2.0,18.0
141,Mattia Perin,it ITA,GK,Juventus,it Serie A,30,1992,3,3,225,2.5,1,0.4,5,4,80.0,2,1,0,1,33.3,0,0,0,0,,0,0,0,1.2,0.25,0.2,0.1,5,15,33.3,54,9,25.9,29.4,12,8.3,19.5,29,2,6.9,3,1.2,16.7
142,Samuele Perisan,it ITA,GK,Empoli,it Serie A,25,1997,1,1,90,1.0,2,2.0,5,3,60.0,0,0,1,0,0.0,0,0,0,0,,0,0,0,0.7,0.14,-1.3,-1.32,1,8,12.5,22,8,27.3,26.3,12,16.7,29.6,18,0,0.0,1,1.0,21.0
143,Pavao Pervan,at AUT,GK,Wolfsburg,de Bundesliga,35,1987,9,9,810,9.0,17,1.89,36,20,52.8,2,1,6,2,22.2,0,0,0,0,,2,2,1,11.5,0.32,-4.5,-0.51,40,104,38.5,263,39,33.5,32.8,37,43.2,39.6,127,1,0.8,3,0.33,12.1
144,Denis Petrić,rs SRB,GK,Nantes,fr Ligue 1,35,1988,1,0,24,0.3,1,3.75,1,0,0.0,0,0,0,0,,0,0,0,0,,0,1,0,0.3,0.28,-0.7,-2.71,1,2,50.0,7,2,28.6,30.7,0,,,4,0,0.0,0,0.0,
145,Đorđe Petrović,rs SRB,GK,Chelsea,eng Premier League,23,1999,23,22,1987,22.1,38,1.72,108,73,65.7,13,5,4,5,22.7,2,1,0,1,0.0,0,5,3,28.3,0.26,-6.7,-0.3,67,214,31.3,655,97,22.1,27.8,149,46.3,37.8,312,20,6.4,20,0.91,12.7
146,Jordan Pickford,eng ENG,GK,Everton,eng Premier League,29,1994,38,38,3420,38.0,51,1.34,165,117,73.9,13,9,16,13,34.2,8,8,0,0,0.0,0,9,3,52.4,0.28,4.4,0.12,360,901,40.0,1297,141,56.7,41.6,273,60.8,48.3,570,30,5.3,54,1.42,15.9
147,Carlo Pinsoglio,it ITA,GK,Juventus,it Serie A,33,1990,1,0,45,0.5,0,0.0,3,3,100.0,0,0,0,1,,0,0,0,0,,0,0,0,0.5,0.18,0.5,1.06,2,5,40.0,21,1,23.8,31.4,0,,,17,0,0.0,0,0.0,5.0
148,Nick Pope,eng ENG,GK,Newcastle Utd,eng Premier League,31,1992,15,15,1345,14.9,16,1.07,58,42,72.4,9,2,4,5,33.3,0,0,0,0,,1,2,0,16.8,0.3,0.8,0.06,41,118,34.7,304,88,21.1,28.6,95,56.8,43.8,143,9,6.3,28,1.87,19.0
149,Ivan Provedel,it ITA,GK,Lazio,it Serie A,29,1994,30,30,2699,30.0,33,1.1,119,86,73.9,12,6,12,9,30.0,3,2,0,1,0.0,0,1,0,30.0,0.23,-3.0,-0.1,101,252,40.1,841,103,22.6,30.8,176,35.2,37.0,377,15,4.0,18,0.6,13.0
150,Ionuț Radu,ro ROU,GK,Bournemouth,eng Premier League,26,1997,2,2,180,2.0,7,3.5,11,4,36.4,1,0,1,0,0.0,0,0,0,0,,0,3,0,2.9,0.27,-4.1,-2.04,5,15,33.3,57,10,19.3,26.9,11,36.4,29.2,19,2,10.5,0,0.0,9.6
151,Boris Radunović,rs SRB,GK,Cagliari,it Serie A,27,1996,7,7,630,7.0,12,1.71,27,16,55.6,0,2,5,2,28.6,1,0,0,1,,0,1,1,10.1,0.38,-0.9,-0.13,41,91,45.1,156,31,35.9,37.0,66,53.0,43.8,98,6,6.1,4,0.57,11.2
152,Predrag Rajković,rs SRB,GK,Mallorca,es La Liga,27,1995,36,36,3240,36.0,43,1.19,138,95,71.7,7,15,14,9,25.0,5,4,1,0,20.0,1,4,1,41.8,0.27,-0.2,-0.01,322,795,40.5,946,117,60.9,44.7,300,73.0,54.3,502,33,6.6,28,0.78,13.7
153,Aaron Ramsdale,eng ENG,GK,Arsenal,eng Premier League,25,1998,6,6,540,6.0,5,0.83,14,9,64.3,5,1,0,2,33.3,0,0,0,0,,0,1,0,3.7,0.26,-1.3,-0.22,19,69,27.5,169,30,34.9,33.3,19,52.6,41.4,46,8,17.4,9,1.5,14.6
154,Federico Ravaglia,it ITA,GK,Bologna,it Serie A,23,1999,6,6,535,5.9,3,0.5,18,13,83.3,4,1,1,4,66.7,1,0,1,0,100.0,1,0,0,5.5,0.25,2.5,0.43,14,49,28.6,172,23,18.0,25.4,34,52.9,41.0,73,1,1.4,4,0.67,17.1
155,David Raya,es ESP,GK,Arsenal,eng Premier League,27,1995,32,32,2880,32.0,24,0.75,69,45,68.1,23,4,5,16,50.0,3,2,1,0,33.3,1,5,1,20.4,0.26,-2.6,-0.08,138,372,37.1,969,159,32.2,30.7,96,62.5,47.5,329,40,12.2,50,1.56,17.9
156,Pepe Reina,es ESP,GK,Villarreal,es La Liga,40,1982,2,2,180,2.0,2,1.0,9,7,77.8,1,1,0,0,0.0,0,0,0,0,,0,0,0,1.9,0.21,-0.1,-0.05,6,18,33.3,58,12,24.1,30.2,11,36.4,38.8,38,1,2.6,0,0.0,5.3
157,Álex Remiro,es ESP,GK,Real Sociedad,es La Liga,28,1995,37,37,3275,36.4,36,0.99,130,94,76.2,16,12,9,15,40.5,6,5,1,0,16.7,0,5,1,37.9,0.26,2.9,0.08,182,440,41.4,1090,111,30.6,32.0,163,65.6,50.9,383,18,4.7,54,1.48,16.9
158,Guillaume Restes,fr FRA,GK,Toulouse,fr Ligue 1,18,2005,34,34,3060,34.0,46,1.35,139,93,69.8,11,10,13,6,17.6,4,4,0,0,0.0,2,6,0,45.3,0.3,-0.7,-0.02,92,285,32.3,702,93,27.4,29.3,193,48.2,38.9,490,7,1.4,16,0.47,10.7
159,Manuel Riemann,de GER,GK,Bochum,de Bundesliga,34,1988,33,33,2970,33.0,70,2.12,185,116,67.0,7,12,14,4,12.1,11,9,2,0,18.2,0,9,3,59.6,0.27,-7.4,-0.22,430,1041,41.3,1498,89,61.0,42.5,208,61.1,46.9,510,35,6.9,104,3.15,19.8
160,Rémy Riou,fr FRA,GK,Lyon,fr Ligue 1,35,1987,3,3,270,3.0,6,2.0,14,8,57.1,0,1,2,1,33.3,0,0,0,0,,1,0,0,4.7,0.33,-1.3,-0.44,5,24,20.8,81,13,16.0,26.1,23,47.8,39.0,32,3,9.4,3,1.0,13.4
161,Francesco Rossi,it ITA,GK,Atalanta,it Serie A,32,1991,1,0,5,0.1,0,0.0,1,1,100.0,0,0,0,1,,0,0,0,0,,0,0,0,0.8,0.75,0.8,13.52,0,1,0.0,1,1,0.0,14.0,1,100.0,67.0,2,0,0.0,0,0.0,
162,Frederik Rønnow,dk DEN,GK,Union Berlin,de Bundesliga,30,1992,33,33,2970,33.0,56,1.7,162,105,68.5,9,6,18,7,21.2,7,5,2,0,28.6,2,7,1,51.7,0.28,-3.3,-0.1,198,525,37.7,1096,174,35.2,33.6,218,63.8,47.4,539,54,10.0,37,1.12,12.9
163,José Sá,pt POR,GK,Wolves,eng Premier League,30,1993,35,35,3037,33.7,58,1.72,188,131,73.4,12,7,16,4,11.4,8,8,0,0,0.0,1,7,1,65.9,0.31,8.9,0.26,87,424,20.5,841,190,33.3,33.0,253,56.9,42.6,522,45,8.6,28,0.83,12.6
164,Brice Samba,fr FRA,GK,Lens,fr Ligue 1,29,1994,33,33,2970,33.0,35,1.06,136,101,78.7,14,8,11,14,42.4,8,6,1,1,14.3,0,6,1,42.3,0.27,8.3,0.25,163,369,44.2,948,143,31.8,31.5,170,40.0,33.5,388,32,8.2,39,1.18,14.8
165,Robert Sánchez,es ESP,GK,Chelsea,eng Premier League,25,1997,16,16,1433,15.9,25,1.57,78,52,70.5,5,4,7,3,18.8,3,2,1,0,33.3,0,3,0,24.2,0.28,-0.8,-0.05,61,147,41.5,516,87,21.3,28.1,91,40.7,33.7,202,19,9.4,27,1.7,15.8
166,Marcel Schuhen,de GER,GK,Darmstadt 98,de Bundesliga,30,1993,31,31,2790,31.0,76,2.45,198,123,62.1,3,7,21,3,9.7,2,1,1,0,50.0,2,7,2,68.0,0.34,-6.0,-0.19,245,618,39.6,1204,182,36.3,34.8,289,62.6,48.5,453,24,5.3,51,1.65,16.5
167,Marvin Schwäbe,de GER,GK,Köln,de Bundesliga,28,1995,34,34,3060,34.0,60,1.76,168,108,66.1,5,12,17,4,11.8,3,3,0,0,0.0,0,10,0,62.0,0.36,2.0,0.06,135,372,36.3,1148,101,28.4,31.4,149,30.9,34.3,504,14,2.8,21,0.62,13.4
168,Alexander Schwolow,de GER,GK,Union Berlin,de Bundesliga,31,1992,1,1,90,1.0,2,2.0,6,4,66.7,0,0,1,0,0.0,0,0,0,0,,0,0,0,1.2,0.2,-0.8,-0.81,4,10,40.0,28,4,32.1,34.1,8,12.5,28.4,13,0,0.0,0,0.0,5.0
169,Simone Scuffet,it ITA,GK,Cagliari,it Serie A,27,1996,31,31,2789,31.0,55,1.77,129,76,59.7,8,10,13,3,9.7,3,3,0,0,0.0,3,9,2,45.1,0.33,-7.9,-0.25,161,452,35.6,684,106,43.3,37.1,243,64.2,46.9,482,22,4.6,20,0.65,12.1
170,Matz Sels,be BEL,GK,Nott'ham Forest,eng Premier League,31,1992,16,16,1440,16.0,27,1.69,61,36,57.4,4,4,8,1,6.3,1,1,0,0,0.0,0,9,2,17.1,0.27,-7.9,-0.5,75,179,41.9,283,51,45.9,36.6,93,52.7,41.4,222,11,5.0,4,0.25,9.4
170,Matz Sels,be BEL,GK,Nott'ham Forest,eng Premier League,31,1992,16,16,1440,16.0,27,1.69,61,36,57.4,4,4,8,1,6.3,1,1,0,0,0.0,0,2,2,18.0,0.28,-4.0,-0.21,88,226,38.9,505,68,37.4,34.5,113,32.7,33.7,257,6,2.3,19,1.0,13.9
171,Matz Sels,be BEL,GK,Strasbourg,fr Ligue 1,31,1992,19,19,1710,19.0,24,1.26,62,40,62.9,6,7,6,3,15.8,1,1,0,0,0.0,0,9,2,17.1,0.27,-7.9,-0.5,75,179,41.9,283,51,45.9,36.6,93,52.7,41.4,222,11,5.0,4,0.25,9.4
171,Matz Sels,be BEL,GK,Strasbourg,fr Ligue 1,31,1992,19,19,1710,19.0,24,1.26,62,40,62.9,6,7,6,3,15.8,1,1,0,0,0.0,0,2,2,18.0,0.28,-4.0,-0.21,88,226,38.9,505,68,37.4,34.5,113,32.7,33.7,257,6,2.3,19,1.0,13.9
172,James Shea,eng ENG,GK,Luton Town,eng Premier League,32,1991,1,0,15,0.2,0,0.0,2,2,100.0,0,0,0,0,,0,0,0,0,,0,0,0,0.1,0.06,0.1,0.75,3,6,50.0,6,1,83.3,50.8,3,33.3,37.3,3,0,0.0,1,6.0,19.0
173,Rui Silva,pt POR,GK,Betis,es La Liga,29,1994,28,28,2475,27.5,36,1.31,120,85,75.8,10,9,9,9,32.1,8,7,1,0,12.5,2,3,2,37.5,0.26,3.5,0.13,129,380,33.9,772,119,36.0,33.5,183,55.7,43.0,375,31,8.3,34,1.24,14.9
174,Marco Silvestri,it ITA,GK,Udinese,it Serie A,32,1991,17,17,1530,17.0,28,1.65,68,40,67.6,1,11,5,4,23.5,6,6,0,0,0.0,0,2,0,25.7,0.29,-2.3,-0.14,57,168,33.9,345,68,33.6,32.3,105,49.5,42.1,282,5,1.8,7,0.41,13.1
175,Unai Simón,es ESP,GK,Athletic Club,es La Liga,26,1997,36,36,3182,35.4,33,0.93,122,90,73.8,18,11,7,16,44.4,5,1,3,1,75.0,0,2,4,38.0,0.28,9.0,0.26,220,679,32.4,982,144,48.5,38.7,240,84.6,60.9,450,31,6.9,46,1.3,16.3
176,Antonio Sivera,es ESP,GK,Alavés,es La Liga,26,1996,34,34,3060,34.0,38,1.12,123,87,75.6,11,8,15,10,29.4,8,8,0,0,0.0,0,3,2,38.4,0.25,2.4,0.07,279,701,39.8,807,116,62.3,44.6,295,67.1,47.8,501,25,5.0,29,0.85,13.1
177,Łukasz Skorupski,pl POL,GK,Bologna,it Serie A,32,1991,32,32,2880,32.0,29,0.91,106,77,75.5,14,13,5,13,40.6,6,3,1,2,25.0,1,3,1,26.6,0.23,-1.4,-0.05,103,297,34.7,829,136,26.3,29.6,188,42.0,38.7,432,12,2.8,15,0.47,12.2
178,Daniele Sommariva,it ITA,GK,Genoa,it Serie A,26,1997,1,0,5,0.1,0,0.0,0,0,,0,0,0,1,,0,0,0,0,,0,0,0,0.0,,0.0,0.0,0,3,0.0,2,0,100.0,54.5,1,100.0,76.0,2,1,50.0,0,0.0,15.0
179,Yann Sommer,ch SUI,GK,Inter,it Serie A,34,1988,34,34,3060,34.0,19,0.56,98,78,82.7,27,6,1,19,55.9,4,2,1,1,33.3,0,3,0,25.5,0.23,6.5,0.19,104,226,46.0,1033,120,17.4,26.1,201,22.9,27.9,395,18,4.6,14,0.41,12.1
180,David Soria,es ESP,GK,Getafe,es La Liga,30,1993,38,38,3413,37.9,52,1.37,171,118,72.5,10,13,15,10,26.3,7,5,1,1,16.7,0,6,0,53.9,0.29,1.9,0.05,339,908,37.3,979,123,66.2,45.8,310,83.9,57.3,458,17,3.7,62,1.63,17.3
181,Alessandro Sorrentino,it ITA,GK,Monza,it Serie A,21,2002,7,5,548,6.1,16,2.63,32,16,62.5,0,1,4,0,0.0,4,4,0,0,0.0,0,1,0,14.4,0.34,-1.6,-0.27,18,56,32.1,151,29,26.5,30.6,42,38.1,36.1,62,3,4.8,3,0.49,16.8
182,Marco Sportiello,it ITA,GK,Milan,it Serie A,31,1992,7,7,630,7.0,11,1.57,33,23,69.7,3,3,1,2,28.6,1,1,0,0,0.0,0,0,1,8.9,0.25,-1.1,-0.15,20,51,39.2,230,40,20.4,26.9,17,23.5,29.1,81,5,6.2,9,1.29,15.4
183,Jason Steele,eng ENG,GK,Brighton,eng Premier League,32,1990,17,17,1530,17.0,34,2.0,74,42,58.1,5,4,8,2,11.8,3,3,0,0,0.0,1,5,2,25.7,0.32,-6.3,-0.37,47,132,35.6,617,69,20.1,26.6,54,14.8,18.8,173,7,4.0,41,2.41,20.6
184,Thomas Strakosha,al ALB,GK,Brentford,eng Premier League,28,1995,2,1,135,1.5,2,1.33,8,6,75.0,0,0,1,0,0.0,0,0,0,0,,0,0,0,1.5,0.2,-0.5,-0.3,12,30,40.0,56,5,41.1,35.8,15,46.7,39.9,37,2,5.4,1,0.67,10.0
185,Mile Svilar,rs SRB,GK,Roma,it Serie A,23,1999,15,15,1350,15.0,19,1.27,77,58,76.6,7,4,4,5,33.3,2,1,1,0,50.0,0,3,1,20.2,0.24,2.2,0.14,44,116,37.9,516,77,15.9,25.3,89,38.2,36.2,208,16,7.7,7,0.47,12.0
186,Wojciech Szczęsny,pl POL,GK,Juventus,it Serie A,33,1990,35,35,3150,35.0,30,0.86,108,79,74.1,17,13,5,15,42.9,3,2,1,0,33.3,0,4,2,28.3,0.24,0.3,0.01,147,340,43.2,828,134,32.0,32.8,174,43.1,40.2,555,26,4.7,20,0.57,11.6
187,Arnau Tenas,es ESP,GK,Paris S-G,fr Ligue 1,22,2001,6,5,529,5.9,7,1.19,25,18,72.0,2,2,1,1,20.0,0,0,0,0,,0,2,0,6.0,0.24,-1.0,-0.17,14,46,30.4,174,19,23.0,29.6,37,16.2,27.1,71,2,2.8,5,0.85,14.8
188,Marc-André ter Stegen,de GER,GK,Barcelona,es La Liga,31,1992,28,28,2520,28.0,27,0.96,102,75,75.5,20,5,3,15,53.6,2,2,0,0,0.0,0,1,0,27.7,0.25,0.7,0.03,92,167,55.1,871,115,14.4,26.3,163,25.8,30.9,334,13,3.9,31,1.11,15.6
189,Pietro Terracciano,it ITA,GK,Fiorentina,it Serie A,33,1990,33,33,2970,33.0,35,1.06,126,90,77.0,15,8,10,8,24.2,7,6,1,0,14.3,3,5,0,40.2,0.27,5.2,0.16,164,382,42.9,1051,120,29.0,32.1,176,43.8,38.2,307,7,2.3,23,0.7,14.6
190,James Trafford,eng ENG,GK,Burnley,eng Premier League,20,2002,28,28,2520,28.0,62,2.21,166,106,65.7,3,5,20,2,7.1,5,5,0,0,0.0,0,10,2,54.1,0.3,-5.9,-0.21,138,606,22.8,1332,162,33.9,31.3,198,78.3,54.2,419,30,7.2,43,1.54,15.0
191,Kevin Trapp,de GER,GK,Eint Frankfurt,de Bundesliga,33,1990,32,32,2880,32.0,48,1.5,137,87,71.5,10,13,9,7,21.9,11,9,2,0,18.2,0,4,0,48.3,0.28,0.3,0.01,102,361,28.3,949,137,28.9,29.8,212,41.0,36.2,452,16,3.5,30,0.94,15.2
192,Mark Travers,ie IRL,GK,Bournemouth,eng Premier League,24,1999,4,4,360,4.0,5,1.25,18,13,77.8,2,0,2,2,50.0,1,1,0,0,0.0,0,0,0,5.0,0.23,0.0,0.01,22,72,30.6,92,13,55.4,41.7,26,80.8,55.6,60,3,5.0,3,0.75,14.8
193,Stefano Turati,it ITA,GK,Frosinone,it Serie A,21,2001,31,31,2745,30.5,58,1.9,152,94,65.1,6,9,16,4,12.9,7,5,1,1,16.7,0,10,1,47.5,0.28,-9.5,-0.31,72,316,22.8,919,147,27.3,29.2,144,45.1,38.8,412,18,4.4,19,0.62,13.7
194,Matt Turner,us USA,GK,Nott'ham Forest,eng Premier League,29,1994,17,17,1530,17.0,28,1.65,80,52,67.5,4,5,8,2,11.8,2,2,0,0,0.0,1,4,0,22.1,0.26,-5.9,-0.35,126,280,45.0,436,99,42.7,35.7,136,69.1,47.0,296,30,10.1,18,1.06,13.3
195,Sven Ulreich,de GER,GK,Bayern Munich,de Bundesliga,34,1988,11,11,990,11.0,12,1.09,31,19,64.5,7,2,2,4,36.4,1,1,0,0,0.0,1,2,0,11.8,0.35,-0.2,-0.01,26,79,32.9,348,57,20.4,26.2,47,17.0,26.4,108,5,4.6,16,1.45,19.9
196,Álvaro Vallés,es ESP,GK,Las Palmas,es La Liga,26,1997,37,37,3263,36.3,44,1.21,152,108,74.3,10,10,17,8,21.6,9,5,3,1,37.5,0,5,3,48.7,0.28,7.7,0.21,137,447,30.6,1762,194,21.7,27.3,151,42.4,39.1,521,29,5.6,96,2.65,17.8
197,Bart Verbruggen,nl NED,GK,Brighton,eng Premier League,20,2002,21,21,1890,21.0,28,1.33,91,63,72.5,7,8,6,4,19.0,3,3,0,0,0.0,0,3,0,25.4,0.25,-2.6,-0.12,55,142,38.7,789,117,17.1,24.4,72,9.7,15.7,232,17,7.3,31,1.48,15.8
198,Guglielmo Vicario,it ITA,GK,Tottenham,eng Premier League,26,1996,38,38,3420,38.0,61,1.61,167,109,67.7,20,6,12,7,18.4,7,7,0,0,0.0,1,8,3,60.0,0.32,2.0,0.05,53,225,23.6,1363,193,14.3,24.0,201,14.9,22.2,511,33,6.5,81,2.13,17.1
199,Fran Vieites,es ESP,GK,Betis,es La Liga,24,1999,4,3,315,3.5,4,1.14,18,14,77.8,1,2,0,2,66.7,0,0,0,0,,1,0,0,4.5,0.25,0.5,0.15,13,50,26.0,82,18,37.8,36.5,35,54.3,46.4,65,3,4.6,2,0.57,10.5
200,Iván Villar,es ESP,GK,Celta Vigo,es La Liga,26,1997,12,12,1014,11.3,18,1.6,44,26,63.6,2,4,6,0,0.0,3,2,1,0,33.3,0,2,1,16.3,0.31,-0.7,-0.07,39,138,28.3,223,48,35.4,34.4,98,60.2,45.7,136,5,3.7,9,0.8,13.2
201,Odysseas Vlachodimos,gr GRE,GK,Nott'ham Forest,eng Premier League,29,1994,5,5,450,5.0,12,2.4,22,10,50.0,1,0,4,1,20.0,1,1,0,0,0.0,0,2,0,7.9,0.31,-4.1,-0.83,28,60,46.7,130,21,25.4,29.6,44,61.4,44.3,92,3,3.3,2,0.4,10.3
202,Robin Zentner,de GER,GK,Mainz 05,de Bundesliga,28,1994,30,30,2700,30.0,48,1.6,128,81,64.8,7,12,11,7,23.3,4,3,0,1,0.0,1,2,1,49.2,0.37,2.2,0.07,180,512,35.2,862,146,47.3,38.5,177,58.8,46.4,393,42,10.7,48,1.6,16.0
203,Michael Zetterer,de GER,GK,Werder Bremen,de Bundesliga,28,1995,27,27,2430,27.0,37,1.37,128,92,74.2,9,9,9,6,22.2,4,4,0,0,0.0,0,4,1,41.0,0.3,5.0,0.18,145,330,43.9,977,161,28.5,32.7,144,36.1,38.1,407,34,8.4,30,1.11,14.6
